,Country Name,Country Code,Series Code,YR2011,YR2012,YR2013,YR2014,YR2015,YR2016,YR2017,YR2018,YR2019,YR2020
1,Afghanistan,AFG,SP.POP.TOTL.MA.ZS,51.184216996607,51.232888353011894,51.2999296675334,51.35867568548839,51.392950630598,51.4003323853459,51.388384281721,51.364153298287896,51.33760514794311,51.31547989676721
4,Albania,ALB,SP.POP.TOTL.MA.ZS,50.4697976952135,50.589051611634595,50.71547922919989,50.8266216254009,50.9062024740151,50.9470012579566,50.9536022334336,50.93690540406939,50.91389431058829,50.89700465633471
7,Algeria,DZA,SP.POP.TOTL.MA.ZS,50.477046208607504,50.48045684052379,50.4878024160114,50.4960603938661,50.503123488157705,50.5084954161137,50.5126195560221,50.51573212018501,50.518288435473096,50.5205953710155
10,American Samoa,ASM,SP.POP.TOTL.MA.ZS,,,,,,,,,,
13,Andorra,AND,SP.POP.TOTL.MA.ZS,,,,,,,,,,
16,Angola,AGO,SP.POP.TOTL.MA.ZS,49.4405354767376,49.440772186471,49.4461362804875,49.4528997776056,49.4586718442368,49.462993510752604,49.466523351339596,49.4695370662576,49.472524987118,49.4758638248797
19,Antigua and Barbuda,ATG,SP.POP.TOTL.MA.ZS,47.91372549019611,47.975267401860506,48.0286307507376,48.0780449860634,48.121747122505894,48.1570038087177,48.19072570081221,48.2115037078582,48.2428049219997,48.2691365084552
22,Argentina,ARG,SP.POP.TOTL.MA.ZS,48.6715491345615,48.6857920505591,48.6998090863231,48.7134144894209,48.72651723201,48.7390256685487,48.7510100508811,48.7626515543443,48.774197798492295,48.7858544837054
25,Armenia,ARM,SP.POP.TOTL.MA.ZS,46.805880406155204,46.8496196050327,46.9099352462544,46.9680878642139,47.0109473095569,47.03490663103721,47.04452509161101,47.0434228477363,47.0384362591827,47.034658754590396
28,Aruba,ABW,SP.POP.TOTL.MA.ZS,47.6707496325331,47.647833081460504,47.6082004555809,47.5716928769658,47.534478958011896,47.50965527106279,47.4872106377122,47.4689643444249,47.448969993415496,47.4327032950565
31,Australia,AUS,SP.POP.TOTL.MA.ZS,49.9877229578736,49.949683353758495,49.9035515593437,49.8608094293602,49.829125658795604,49.81052817265671,49.802040861402,49.8003767588704,49.800465813864896,49.7987618059865
34,Austria,AUT,SP.POP.TOTL.MA.ZS,48.7700539693554,48.807112957424096,48.84885108338511,48.8978497899934,48.95516788465321,49.0219045726764,49.095692899989096,49.17057335174971,49.2387138156234,49.294845887369
37,Azerbaijan,AZE,SP.POP.TOTL.MA.ZS,49.591533254459705,49.636123585003006,49.6790090466463,49.720975473867206,49.7624637304485,49.8039295438464,49.84492117876161,49.8842508952929,49.9201261500247,49.9514408223549
40,"Bahamas, The",BHS,SP.POP.TOTL.MA.ZS,48.4647494458859,48.4772306583677,48.4952146463959,48.5153456998314,48.532335649385395,48.548778454870394,48.5617513077965,48.574947813346796,48.58454475899,48.5935084221662
43,Bahrain,BHR,SP.POP.TOTL.MA.ZS,62.280259092612496,62.00507407253549,61.6997039609012,61.564001368188705,61.72352285558289,62.206645705232106,62.90505777145351,63.651748394331705,64.27127331576861,64.6735422250927
46,Bangladesh,BGD,SP.POP.TOTL.MA.ZS,50.785892925648604,50.755618000278204,50.7357188428206,50.7180599775229,50.6969405973406,50.671194848930995,50.642737135032505,50.6127033334729,50.583089122858496,50.5552370671035
49,Barbados,BRB,SP.POP.TOTL.MA.ZS,48.0152798538449,48.0581463387123,48.10829634111171,48.1590450276486,48.207144784755705,48.2515622922484,48.2910536668192,48.3271699692995,48.36336017225221,48.398759791349896
52,Belarus,BLR,SP.POP.TOTL.MA.ZS,46.4846957871621,46.490900277103904,46.5049829670541,46.5204731003032,46.5326168206874,46.539460860134604,46.542418583753395,46.543945775851405,46.5480598649508,46.5574933902658
55,Belgium,BEL,SP.POP.TOTL.MA.ZS,49.1078241415816,49.102153246332705,49.10133648819329,49.11672299592961,49.1554563896608,49.2213375828434,49.3093545288899,49.406680612915004,49.4957764430955,49.5644980817311
58,Belize,BLZ,SP.POP.TOTL.MA.ZS,49.999091558764,49.9752959310771,49.955308975519706,49.9332137217503,49.90912264563929,49.878528443345395,49.84259197658171,49.8074769429166,49.7708472631042,49.736055188232
61,Benin,BEN,SP.POP.TOTL.MA.ZS,49.695507655830205,49.7299690192074,49.76609745482921,49.800594721079996,49.8312304828629,49.8577364093983,49.8809953332345,49.901798296653006,49.92102888947021,49.9393641842689
64,Bermuda,BMU,SP.POP.TOTL.MA.ZS,,,,,,,,,,
67,Bhutan,BTN,SP.POP.TOTL.MA.ZS,52.5486191343681,52.584872473923205,52.6335649468134,52.692777861993505,52.7580593088194,52.83111580467651,52.9128993793952,52.9973647792406,53.07760249720221,53.146788800588894
70,Bolivia,BOL,SP.POP.TOTL.MA.ZS,50.3079472328811,50.298482020590896,50.28790950805679,50.276098193277996,50.262913565854205,50.2484267784596,50.2328316113863,50.2166008698915,50.200293543825104,50.1842238205696
73,Bosnia and Herzegovina,BIH,SP.POP.TOTL.MA.ZS,49.092435675670096,49.077967873259496,49.061197460169105,49.044026804468295,49.02786582460529,49.0134109488838,49.0006068862795,48.989463974711896,48.979096624717705,48.969813902947905
76,Botswana,BWA,SP.POP.TOTL.MA.ZS,48.7955776652446,48.61972071303929,48.4203784536722,48.252984388248905,48.154302603460295,48.1365788163941,48.1828744224689,48.269239556765605,48.3619633260017,48.438802955403204
79,Brazil,BRA,SP.POP.TOTL.MA.ZS,49.3053248165663,49.28579741050421,49.2665384786192,49.247340786920994,49.228077506781794,49.2087156488406,49.1893405705255,49.1700832370106,49.1510999368826,49.132514759673604
82,British Virgin Islands,VGB,SP.POP.TOTL.MA.ZS,,,,,,,,,,
85,Brunei Darussalam,BRN,SP.POP.TOTL.MA.ZS,51.7525343737538,51.847507625370596,51.92624389857921,51.984733196999294,52.017526523568705,52.0201719427048,51.9995005665742,51.9638194703469,51.923396477235,51.8847589506335
88,Bulgaria,BGR,SP.POP.TOTL.MA.ZS,48.6917529109653,48.6823096841877,48.668260976679,48.652059829569396,48.635568594917096,48.6190335835775,48.6021306444591,48.5859115861484,48.5713881639407,48.5593683190987
91,Burkina Faso,BFA,SP.POP.TOTL.MA.ZS,49.629997422570604,49.6747560172279,49.717781937352804,49.758993346366,49.7982619696646,49.8355710366908,49.870944118021605,49.90451847979279,49.9364339523545,49.96686644075629
94,Burundi,BDI,SP.POP.TOTL.MA.ZS,49.444666830237395,49.4625238698022,49.4792408039075,49.4963939034371,49.5149425681056,49.5352403632265,49.5565811798456,49.5780053633975,49.5984546133294,49.617127756368596
97,Cabo Verde,CPV,SP.POP.TOTL.MA.ZS,50.0677547518532,50.1240002295934,50.1346386837066,50.1313971706195,50.133399397797,50.1466656625372,50.163070070828,50.1809608580193,50.1942044165139,50.201982776606705
100,Cambodia,KHM,SP.POP.TOTL.MA.ZS,48.736674359404105,48.750951763728,48.7595174603513,48.766284160024604,48.7741049716086,48.7831379481159,48.792457287472104,48.8020187331594,48.8117156405509,48.821329972998896
103,Cameroon,CMR,SP.POP.TOTL.MA.ZS,49.9289308265147,49.9383926669378,49.946673732748096,49.955045559990204,49.96434086221289,49.974666217012704,49.9855980219872,49.9965121712533,50.006703022334605,50.015606951049
106,Canada,CAN,SP.POP.TOTL.MA.ZS,49.610262624830796,49.6029082615499,49.594191044531705,49.587694576021605,49.58587344241771,49.58943397155729,49.5974378371218,49.6084700456847,49.6204836658101,49.6319751942105
109,Cayman Islands,CYM,SP.POP.TOTL.MA.ZS,,,,,,,,,,
112,Central African Republic,CAF,SP.POP.TOTL.MA.ZS,49.516898755476504,49.52845892772329,49.538854459756095,49.547743578818995,49.5544238133826,49.5591252187515,49.56189296702821,49.563526291821795,49.56552745428571,49.5685089374967
115,Chad,TCD,SP.POP.TOTL.MA.ZS,49.8871611051093,49.8916208594804,49.895279526775,49.8987526093123,49.9025474575775,49.906645246028994,49.9109162088949,49.9151005829215,49.9189872979558,49.922320653063004
118,Channel Islands,CHI,SP.POP.TOTL.MA.ZS,49.2993353624449,49.3344687783476,49.361809137691004,49.385461924232395,49.4089620103152,49.4326691508609,49.45276463543329,49.4709553303303,49.4903171875726,49.5056338757269
121,Chile,CHL,SP.POP.TOTL.MA.ZS,49.2123576848553,49.210881223772496,49.2104976060397,49.21357765757689,49.2215747742991,49.23511752822989,49.253046828620995,49.272968160995504,49.2916670953805,49.3072083486846
124,China,CHN,SP.POP.TOTL.MA.ZS,51.386938200423295,51.38226689960529,51.375183323105205,51.366417364528,51.3565128422258,51.3456203957543,51.3336518187138,51.3206260427305,51.3065020270854,51.2912628371551
127,Colombia,COL,SP.POP.TOTL.MA.ZS,48.99863339365021,48.9954676997892,48.9940616178446,48.997568669843105,49.0076896437502,49.0256989468905,49.0495962326112,49.07422830477061,49.0930998183671,49.10209885115789
130,Comoros,COM,SP.POP.TOTL.MA.ZS,50.4102873285044,50.41699764458839,50.423392235583805,50.4290285623988,50.433669695858796,50.436841767880004,50.439494280553895,50.441295556287095,50.442418594155995,50.4433673146695
133,"Congo, Dem. Rep.",COD,SP.POP.TOTL.MA.ZS,49.8008041356988,49.8184524192863,49.835355984946204,49.8512114659793,49.86581857437329,49.8791432269908,49.8912655492992,49.9022566136032,49.91222433294829,49.9212495596876
136,"Congo, Rep.",COG,SP.POP.TOTL.MA.ZS,49.786499719443796,49.8155623800912,49.842182922442205,49.866127362140105,49.8872447459305,49.90558113276939,49.921057796181,49.9343962269584,49.9462132172005,49.957086616170905
139,Costa Rica,CRI,SP.POP.TOTL.MA.ZS,50.0792991971226,50.0689739319706,50.058064857613,50.0463153153341,50.03357189490911,50.019819012209,50.0052020674935,49.9901489025877,49.9754039624286,49.9611119813966
142,Cote d'Ivoire,CIV,SP.POP.TOTL.MA.ZS,50.731378311838505,50.688382168476,50.6493490030065,50.612888600647295,50.5779908058796,50.5443415669559,50.51203939850579,50.480880422873796,50.450795234851505,50.4217201465979
145,Croatia,HRV,SP.POP.TOTL.MA.ZS,48.1489871085702,48.1277478433351,48.1055831125384,48.089680269241,48.0856505532648,48.0951078633782,48.1169165403372,48.1473782524185,48.1808944098236,48.2134662097578
148,Cuba,CUB,SP.POP.TOTL.MA.ZS,49.7247805867058,49.7148025177328,49.707747828936995,49.701390539182704,49.6941352575861,49.6857198008171,49.6765969192861,49.6671501672319,49.6575280822737,49.6482621111195
151,Curacao,CUW,SP.POP.TOTL.MA.ZS,45.8587476774189,45.812986073431,45.79756362012879,45.7994597051101,45.8123240538004,45.8365154760796,45.8675441087501,45.9045301776311,45.9445732852781,45.9896404631322
154,Cyprus,CYP,SP.POP.TOTL.MA.ZS,49.9057196731615,49.9311041138421,49.988809878080104,50.0455177788365,50.07764944827121,50.0799443508698,50.0600584054218,50.0289255016977,50.000834324789295,49.986209592657005
157,Czech Republic,CZE,SP.POP.TOTL.MA.ZS,49.115980751264,49.12969122325401,49.1304845998155,49.1294486391598,49.1348775962397,49.1487322377489,49.168304352434994,49.1914110672185,49.2143621798911,49.2345771054616
160,Denmark,DNK,SP.POP.TOTL.MA.ZS,49.643559532722705,49.6691177846584,49.6935875442876,49.71359586765929,49.7268354165586,49.7326024373239,49.73156391430489,49.7257972740885,49.7181766000904,49.710982159983
163,Djibouti,DJI,SP.POP.TOTL.MA.ZS,53.3848520097321,53.356732124920505,53.1982483787994,53.0089339462138,52.85755548699229,52.7572953675371,52.68477915475061,52.6332145542447,52.585210727261,52.52954953532479
166,Dominica,DMA,SP.POP.TOTL.MA.ZS,,,,,,,,,,
169,Dominican Republic,DOM,SP.POP.TOTL.MA.ZS,50.1621944848067,50.1364627391874,50.1119998694297,50.0878980819035,50.0635061894098,50.0391527464916,50.015395062413,49.992203928298,49.969452340669605,49.9470312421644
172,Ecuador,ECU,SP.POP.TOTL.MA.ZS,50.0893177821795,50.08057658155089,50.0720898899524,50.0637230883575,50.055193608792294,50.0465462737634,50.037890170455704,50.0293748217302,50.0210577427654,50.013019283503
175,"Egypt, Arab Rep.",EGY,SP.POP.TOTL.MA.ZS,50.5225782729342,50.5290154478755,50.53354318955979,50.536170063682206,50.5369859500521,50.5359980935777,50.5334572619835,50.5300283564099,50.5265177111274,50.5234412712605
178,El Salvador,SLV,SP.POP.TOTL.MA.ZS,47.2553472170898,47.191019701753206,47.1310912922218,47.0751171859363,47.0224838386491,46.9733424562749,46.9278617634849,46.88599756414371,46.8479054163987,46.81359705010679
181,Equatorial Guinea,GNQ,SP.POP.TOTL.MA.ZS,54.6243087932343,54.821754650690295,54.9973430247898,55.1494155165454,55.27980660205811,55.388456534458705,55.476193494811405,55.544147059587495,55.5924046189404,55.622832745895394
184,Eritrea,ERI,SP.POP.TOTL.MA.ZS,49.9869164886158,,,,,,,,,
187,Estonia,EST,SP.POP.TOTL.MA.ZS,46.595129475687706,46.618746140876105,46.64960411442021,46.6983672839905,46.7734332829024,46.8775327438441,47.004484651607704,47.1415731797934,47.2693752267757,47.375614286500394
190,Eswatini,SWZ,SP.POP.TOTL.MA.ZS,47.28304924586929,47.4739294996224,47.710570892024,47.963237268292296,48.2075798115645,48.4380526286497,48.655237160475394,48.85106937235211,49.0178402676345,49.1513268813719
193,Ethiopia,ETH,SP.POP.TOTL.MA.ZS,49.9112080497779,49.9317588056516,49.953691741075104,49.974060664750006,49.990938207021294,50.0039829750475,50.013874069799606,50.021111581193296,50.02644971154961,50.030482261500204
196,Faroe Islands,FRO,SP.POP.TOTL.MA.ZS,,,,,,,,,,
199,Fiji,FJI,SP.POP.TOTL.MA.ZS,51.0199189068054,50.973973054048,50.91936016783689,50.8636996838814,50.812311772994796,50.7691373053372,50.7316572835229,50.6994985794972,50.6721126349085,50.6465546091
202,Finland,FIN,SP.POP.TOTL.MA.ZS,49.1048111738029,49.134099718750704,49.163207687318106,49.190923223123704,49.216420415651704,49.2394475230978,49.2602023597754,49.27924151461679,49.297390042477105,49.315016573664295
205,France,FRA,SP.POP.TOTL.MA.ZS,48.4468651049934,48.4534445036252,48.4578835465962,48.458673807571,48.454942357084704,48.4456541522577,48.431552922694394,48.415759518866395,48.4026166175936,48.3951208263468
208,French Polynesia,PYF,SP.POP.TOTL.MA.ZS,51.1258787756535,51.038123385193,50.937735821138496,50.8444572030046,50.7716416653547,50.7232970106637,50.6932070059542,50.6754347739968,50.662226757613205,50.643992253581295
211,Gabon,GAB,SP.POP.TOTL.MA.ZS,50.6894989935469,50.7721710921502,50.839868579636494,50.89030104559879,50.9234529108842,50.9396966554807,50.940957336551705,50.9313798350851,50.91610059569779,50.898133105213205
214,"Gambia, The",GMB,SP.POP.TOTL.MA.ZS,49.6218364173316,49.6164344731289,49.612569689587204,49.608529883593995,49.6054385241579,49.602677171363,49.6000722706536,49.5978671036081,49.5960294688921,49.5948133460009
217,Georgia,GEO,SP.POP.TOTL.MA.ZS,47.6608498088219,47.6878135536627,47.7185892462792,47.743519085274706,47.7550208986676,47.7510031859387,47.7339541794232,47.70876249642139,47.682173719626,47.659653938471
220,Germany,DEU,SP.POP.TOTL.MA.ZS,49.0463861211197,49.075311609309395,49.1057664221195,49.140717224489,49.1818673658713,49.2303516434396,49.2844291256562,49.3396326299471,49.3900550553476,49.4317986578455
223,Ghana,GHA,SP.POP.TOTL.MA.ZS,50.5939073755876,50.6083598940071,50.62237573034,50.6354354610263,50.6471801006298,50.6574603203917,50.666405370279506,50.67417029561621,50.6810374353119,50.687178186683
226,Gibraltar,GIB,SP.POP.TOTL.MA.ZS,,,,,,,,,,
229,Greece,GRC,SP.POP.TOTL.MA.ZS,49.090845625396994,49.0776977788669,49.0792841041586,49.0857976388269,49.0899165711124,49.0897990171248,49.08741221988011,49.083798094779,49.0814298857721,49.0818239871301
232,Greenland,GRL,SP.POP.TOTL.MA.ZS,,,,,,,,,,
235,Grenada,GRD,SP.POP.TOTL.MA.ZS,50.53565074073379,50.52302423407661,50.49735606256699,50.4692378328742,50.444787095243704,50.423079364791406,50.4094738171258,50.3925562364849,50.3794575096873,50.361272318452905
238,Guam,GUM,SP.POP.TOTL.MA.ZS,50.781514183731005,50.737546096631,50.6985007636443,50.653698286409906,50.6126004782176,50.574416378231106,50.5408416067591,50.505519695964296,50.471920858364,50.4434688327616
241,Guatemala,GTM,SP.POP.TOTL.MA.ZS,49.1342310468966,49.148962586965105,49.163137997031406,49.1775542135337,49.1926589416656,49.2084732877411,49.224613285065296,49.24065050407721,49.256103412478,49.270609185855
244,Guinea,GIN,SP.POP.TOTL.MA.ZS,47.690125742061795,47.720913718622,47.7631919224598,47.819714338752604,47.8912003538109,47.97749853174621,48.0753951351711,48.1788892995267,48.280919496813404,48.376872183767205
247,Guinea-Bissau,GNB,SP.POP.TOTL.MA.ZS,48.5196379261367,48.5633786318966,48.605649961565504,48.6482478183774,48.6927579729992,48.73852271668961,48.78521737322951,48.831192805436004,48.875771311305996,48.917478574673396
250,Guyana,GUY,SP.POP.TOTL.MA.ZS,49.6409048055328,49.703993179664,49.801983718807705,49.907056988017594,50.000065152267396,50.0752563967937,50.137896694865205,50.1919751683875,50.2406183130529,50.2885352529181
253,Haiti,HTI,SP.POP.TOTL.MA.ZS,49.3351002740507,49.345258894760896,49.3541763455284,49.3601530456848,49.36235103603929,49.3600816090368,49.3544242329545,49.347790106483004,49.3434876910656,49.34381685192229
256,Honduras,HND,SP.POP.TOTL.MA.ZS,49.889926149702795,49.89984598455771,49.9087915200322,49.917308529130295,49.925753634626204,49.934201968029896,49.942570889687794,49.950659831533095,49.9583064636524,49.9654302320698
259,"Hong Kong SAR, China",HKG,SP.POP.TOTL.MA.ZS,46.8789846370521,46.74167042366611,46.617499767237796,46.5006780974251,46.387026314529706,46.2760961800313,46.1694985776003,46.0675570232651,45.9711514966669,45.880638997954904
262,Hungary,HUN,SP.POP.TOTL.MA.ZS,47.4598989519578,47.4736685987732,47.4895725744446,47.50614253495999,47.5225162802947,47.5380832710446,47.5529357063264,47.5675719665059,47.5828834819529,47.599600428555895
265,Iceland,ISL,SP.POP.TOTL.MA.ZS,50.36123794714211,50.31660535188949,50.2594790858023,50.206030578955094,50.171543467267504,50.162397767670406,50.1685132851867,50.1882914775832,50.2098591009241,50.2285714285714
268,India,IND,SP.POP.TOTL.MA.ZS,52.0229438924468,52.01695591641501,52.0099746188937,52.002730057041795,51.9957324170576,51.98910674813789,51.98271404392529,51.9764603573316,51.9701657038479,51.9636732893425
271,Indonesia,IDN,SP.POP.TOTL.MA.ZS,50.384012078396104,50.3844614249673,50.378373666887704,50.370530368441294,50.364270313381795,50.3604083289329,50.3579437111375,50.3561178110783,50.35361681108271,50.3495312384739
274,"Iran, Islamic Rep.",IRN,SP.POP.TOTL.MA.ZS,50.40817668299379,50.4539820495613,50.521789039332106,50.5826037820653,50.616671402593205,50.6190470007971,50.597519236955605,50.560870239394504,50.5221603814936,50.4904334057644
277,Iraq,IRQ,SP.POP.TOTL.MA.ZS,50.51442451100161,50.5226620799014,50.532925701708,50.5441089663361,50.5555071564313,50.56718223274589,50.5792951889672,50.591318472241106,50.6026984779796,50.61290690934871
280,Ireland,IRL,SP.POP.TOTL.MA.ZS,49.6331065547258,49.58006370818621,49.5342358430186,49.5029017569613,49.491318496610404,49.50229886770921,49.533090932347605,49.5744905154799,49.614316278265804,49.6445985212836
283,Isle of Man,IMN,SP.POP.TOTL.MA.ZS,,,,,,,,,,
286,Israel,ISR,SP.POP.TOTL.MA.ZS,49.4193408792062,49.4578819075014,49.500997694326706,49.5450341574512,49.5874661089007,49.62742558130589,49.665417209849394,49.7018734220469,49.7375452395382,49.7729373588549
289,Italy,ITA,SP.POP.TOTL.MA.ZS,48.387781517650794,48.409644380781,48.444865665845,48.484572540447296,48.5223773078922,48.557146829435,48.5907451094044,48.623330374434794,48.65564035806911,48.6881160787927
292,Jamaica,JAM,SP.POP.TOTL.MA.ZS,49.7382456478075,49.736746550472,49.72466602068771,49.709144294689295,49.695194505476294,49.6833023540366,49.671910349323205,49.660170373098794,49.64662411299889,49.6305671998247
295,Japan,JPN,SP.POP.TOTL.MA.ZS,48.9002643025159,48.888997955056105,48.8792841140897,48.870602736410596,48.8625050444333,48.8549013074313,48.847754065309104,48.8407408708922,48.833488875822404,48.825722965771206
298,Jordan,JOR,SP.POP.TOTL.MA.ZS,50.9027049698689,50.81611621709521,50.744266457815705,50.688577482542,50.64882130643121,50.6236991440281,50.6116184200845,50.610316455403996,50.617386365875,50.631266453268296
301,Kazakhstan,KAZ,SP.POP.TOTL.MA.ZS,48.3567949850913,48.3728673506284,48.3859620848393,48.3999040838846,48.417272696749,48.438755369750794,48.4631131276769,48.4885163531812,48.512459526026795,48.53321192049279
304,Kenya,KEN,SP.POP.TOTL.MA.ZS,49.6571817259006,49.6617912324361,49.66565016078871,49.6692691827846,49.673003484937105,49.67684087169471,49.680550897823,49.6839796102822,49.686914438090604,49.6891966532332
307,Kiribati,KIR,SP.POP.TOTL.MA.ZS,49.1879505418437,49.165561917656206,49.14401179011371,49.128324206715604,49.1232973036321,49.1233370953265,49.133180906327496,49.151430396574604,49.1650227875655,49.1803827671081
310,"Korea, Dem. People's Rep.",PRK,SP.POP.TOTL.MA.ZS,48.8680802380151,48.876355519563596,48.8844581720452,48.891684115995396,48.8974434073417,48.901567963698,48.9042783479047,48.9061475155429,48.9078341994154,48.90984709731621
313,"Korea, Rep.",KOR,SP.POP.TOTL.MA.ZS,50.1015091485378,50.1027563791185,50.10609442073729,50.1083052165132,50.1071963613702,50.102064501485394,50.0937189166017,50.0831182079157,50.0718326391747,50.06097717609429
316,Kosovo,XKX,SP.POP.TOTL.MA.ZS,,,,,,,,,,
319,Kuwait,KWT,SP.POP.TOTL.MA.ZS,57.8350937199934,57.9412586761075,58.139532245797504,58.433314665996896,58.8172921596376,59.3061117623005,59.878055334900395,60.4518293752903,60.9224646946086,61.2201716729153
322,Kyrgyz Republic,KGZ,SP.POP.TOTL.MA.ZS,49.4176164345777,49.4294222819444,49.448712615889704,49.4670307455478,49.4785980360207,49.482304788662205,49.480372882358104,49.475136916493796,49.4696962258008,49.466209680249996
325,Lao PDR,LAO,SP.POP.TOTL.MA.ZS,49.699538279566795,49.825208273625,49.9568587415778,50.07165165383161,50.154765648642105,50.200793239931706,50.2159705601773,50.21063519383571,50.1994572531026,50.192645070699704
328,Latvia,LVA,SP.POP.TOTL.MA.ZS,45.789417875187596,45.790370117611296,45.7966698452285,45.8126774918119,45.8396385798491,45.880061693845605,45.9321602155095,45.9898333437907,46.044452835730105,46.0892311640005
331,Lebanon,LBN,SP.POP.TOTL.MA.ZS,50.68494520015489,50.571147893860505,50.4666315802291,50.384552357545395,50.3288006868849,50.297954464521204,50.287775723662605,50.294194484422,50.3120246206483,50.3373407905305
334,Lesotho,LSO,SP.POP.TOTL.MA.ZS,48.7051806249448,48.82321879832539,48.945442212284,49.0566924139983,49.1463620155502,49.2108348702508,49.2539439989443,49.2831045658477,49.3088162569691,49.3382664597816
337,Liberia,LBR,SP.POP.TOTL.MA.ZS,50.0868960030826,50.105714635286894,50.126061091669506,50.147080817376605,50.1682717946688,50.189435395749705,50.2107513380902,50.23170897717689,50.25173300624989,50.270885230512
340,Libya,LBY,SP.POP.TOTL.MA.ZS,50.954135119068006,50.854209783365604,50.7604167490724,50.6785010277365,50.6128166037348,50.5658671382098,50.5354806759075,50.5162111920749,50.5000772414062,50.48162010988629
343,Liechtenstein,LIE,SP.POP.TOTL.MA.ZS,,,,,,,,,,
346,Lithuania,LTU,SP.POP.TOTL.MA.ZS,45.9964351064182,45.9845000641918,45.9931377781795,46.0167228784943,46.0503391689678,46.095298411001,46.150637217225295,46.208041352672204,46.2553508059592,46.28406735356361
349,Luxembourg,LUX,SP.POP.TOTL.MA.ZS,49.771043226422606,49.8735059479519,49.9800941473107,50.0862019216897,50.188886987177604,50.2863969230025,50.378433353493904,50.46074102514879,50.5270167118705,50.5749421703068
352,"Macao SAR, China",MAC,SP.POP.TOTL.MA.ZS,48.0281682470004,48.02575008377111,48.0030067478627,47.98122702089089,47.9728214744234,47.9803336683942,47.99880496901589,48.0217151415458,48.0455807359247,48.0640402130156
355,Madagascar,MDG,SP.POP.TOTL.MA.ZS,49.8204467721396,49.8287460741863,49.8375589944785,49.8462752931901,49.854547810356294,49.8622339107196,49.8693592787411,49.876033386701295,49.88236998015449,49.8884457809227
358,Malawi,MWI,SP.POP.TOTL.MA.ZS,49.2143291477851,49.2269685457466,49.2412190018402,49.2554060732187,49.2683411857831,49.279612453243196,49.2895465261755,49.298484309423706,49.30700392173411,49.315521129035595
361,Malaysia,MYS,SP.POP.TOTL.MA.ZS,51.5896045654593,51.5756863972503,51.547326653233995,51.5148155769691,51.48553077181379,51.4612908107936,51.440249055969296,51.421479418015096,51.4030436945922,51.383593980324704
364,Maldives,MDV,SP.POP.TOTL.MA.ZS,55.2564698956354,56.29772097343861,57.408949161677796,58.542864892946994,59.652373855278206,60.7644504263888,61.84009605195829,62.735018537765896,63.2951444278915,63.4415087079265
367,Mali,MLI,SP.POP.TOTL.MA.ZS,49.966325252618596,49.976870353575706,49.9842004676759,49.992450195353,50.004237683708496,50.020088561109105,50.038809061738995,50.059003273708,50.0789779318093,50.0975614140139
370,Malta,MLT,SP.POP.TOTL.MA.ZS,49.700038303169606,49.7900708614563,49.8878313433957,49.9762895464795,50.044169305677,50.089314582239396,50.1136013335312,50.1266917849541,50.13499796765039,50.14732560430679
373,Marshall Islands,MHL,SP.POP.TOTL.MA.ZS,,,,,,,,,,
376,Mauritania,MRT,SP.POP.TOTL.MA.ZS,50.018979360570604,50.0414805661861,50.0638769329747,50.086036408002904,50.108642356085994,50.131715091897895,50.1547897973699,50.177343781226504,50.1987317757393,50.2183170382351
379,Mauritius,MUS,SP.POP.TOTL.MA.ZS,49.56741167988461,49.5654130191809,49.5600808629201,49.548296378656396,49.5288842731431,49.50018623154529,49.464569706373396,49.422893597141396,49.380626461994105,49.3392264463538
382,Mexico,MEX,SP.POP.TOTL.MA.ZS,48.929681497982294,48.9240988440795,48.9158092967266,48.9084516600235,48.9045021662095,48.904327027316796,48.9067244476773,48.91071916806089,48.914861250545904,48.918125559608605
385,"Micronesia, Fed. Sts.",FSM,SP.POP.TOTL.MA.ZS,50.760768695383206,50.7722044667292,50.7920922943298,50.806931983172596,50.8265525411899,50.8333711382298,50.8411013717803,50.845170454545496,50.84482167804521,50.842889559297895
388,Moldova,MDA,SP.POP.TOTL.MA.ZS,48.09315235193849,48.0973079176526,48.0912043803234,48.0770519616626,48.0572038504387,48.031572943815,47.9999812793449,47.964436876072,47.9278838995681,47.892184435008495
391,Monaco,MCO,SP.POP.TOTL.MA.ZS,,,,,,,,,,
394,Mongolia,MNG,SP.POP.TOTL.MA.ZS,49.562565402220706,49.528799184904,49.4949480928994,49.46160195992601,49.4283180581324,49.395391508455496,49.3630266415055,49.3304552941852,49.29767956130011,49.26464756647671
397,Montenegro,MNE,SP.POP.TOTL.MA.ZS,49.403858486960104,49.4167887514758,49.4239568797877,49.4269528444905,49.4306627089258,49.4352520680854,49.43822373211929,49.4409870612278,49.4445753740517,49.4478252147081
400,Morocco,MAR,SP.POP.TOTL.MA.ZS,49.334732684478595,49.38268566975329,49.4395475343019,49.493395571022,49.5362138874868,49.5654136274175,49.5839508986431,49.59615270871821,49.608409420042896,49.6250612087739
403,Mozambique,MOZ,SP.POP.TOTL.MA.ZS,48.2734511627907,48.307931331438105,48.3425487638235,48.3777338307504,48.413717609137,48.4505746151715,48.4878795275522,48.5248088987225,48.5603310250203,48.5939005488165
406,Myanmar,MMR,SP.POP.TOTL.MA.ZS,48.2047008967062,48.199039466190605,48.198303556027696,48.1990927609087,48.198990203703396,48.197332618169604,48.194807060535794,48.19210313009621,48.1903277580107,48.190202668291704
409,Namibia,NAM,SP.POP.TOTL.MA.ZS,48.34445991047421,48.3592182713779,48.3733197940816,48.387235828217,48.401637910217296,48.4164417627491,48.4315267105992,48.44630968427071,48.460628159921505,48.473975526935995
412,Nauru,NRU,SP.POP.TOTL.MA.ZS,,,,,,,,,,
415,Nepal,NPL,SP.POP.TOTL.MA.ZS,48.6805735835883,47.96226336795961,47.1655522137758,46.4374613794063,45.89282937392671,45.5682062014941,45.4351770848736,45.464656670740396,45.60482006968861,45.812962765173204
418,Netherlands,NLD,SP.POP.TOTL.MA.ZS,49.6683542444939,49.677015933324796,49.68563563228379,49.6966319465595,49.7115504733243,49.731077477352294,49.7542408962677,49.779056435218706,49.8027358170144,49.8232172482399
421,New Caledonia,NCL,SP.POP.TOTL.MA.ZS,50.3917281943159,50.4057055824321,50.4191281377844,50.42505191758921,50.421305826711205,50.4030052153616,50.374694669846605,50.3389455187045,50.299727327705405,50.2635809885425
424,New Zealand,NZL,SP.POP.TOTL.MA.ZS,49.1228816608784,49.140711054497004,49.1544906638657,49.1642733193184,49.1699582644115,49.171189018010395,49.168093178498005,49.1622306025282,49.1560009048597,49.150735769092904
427,Nicaragua,NIC,SP.POP.TOTL.MA.ZS,49.2607108038492,49.2648929466296,49.27260574994121,49.28045069182551,49.2859500381956,49.2884642534784,49.2885886152565,49.287294319915105,49.2855018170491,49.2840574625854
430,Niger,NER,SP.POP.TOTL.MA.ZS,50.005650090535795,50.0418286742235,50.0775252783315,50.11176089706429,50.143965529266204,50.1741635840356,50.202523906153296,50.2289974023331,50.253537868136995,50.2761515478648
433,Nigeria,NGA,SP.POP.TOTL.MA.ZS,50.5877642147284,50.6009470150904,50.6133726175171,50.6250213606557,50.635891128291995,50.6459767820051,50.6552942959052,50.6638864537293,50.671799509884394,50.6790755334151
436,North Macedonia,MKD,SP.POP.TOTL.MA.ZS,49.9887574524098,50.001856070193206,50.0155823637507,50.027096227704604,50.035227608826894,50.0386880474599,50.037800264745904,50.0335340575922,50.0276463456427,50.021167525847396
439,Northern Mariana Islands,MNP,SP.POP.TOTL.MA.ZS,,,,,,,,,,
442,Norway,NOR,SP.POP.TOTL.MA.ZS,50.0701549106922,50.1477347340775,50.220554940879495,50.2866730620277,50.345290333697605,50.3957950466106,50.4384739302203,50.4753688675074,50.5090763673114,50.5416102066648
445,Oman,OMN,SP.POP.TOTL.MA.ZS,61.48918120686461,62.6690844077711,63.7357313326985,64.593550693959,65.2149898496511,65.62374629315791,65.8681685050299,65.9859164845213,66.0191614378475,65.9972482788035
448,Pakistan,PAK,SP.POP.TOTL.MA.ZS,51.501584202759105,51.49085307370439,51.481301717243205,51.473517740548296,51.4678128788339,51.464281856474,51.4625647786086,51.4619252830235,51.461417065226605,51.460368264211
451,Palau,PLW,SP.POP.TOTL.MA.ZS,,,,,,,,,,
454,Panama,PAN,SP.POP.TOTL.MA.ZS,50.2264278308335,50.2086253376421,50.190707888806706,50.172236973673705,50.1533832767627,50.133921284059,50.1141531385782,50.0946163489007,50.07568692834471,50.057847837937096
457,Papua New Guinea,PNG,SP.POP.TOTL.MA.ZS,50.9011139429426,50.92346314108379,50.948129446042,50.9720535470362,50.992911492824405,51.0104009228501,51.0250842672195,51.0372721268686,51.047746731784294,51.0568706230573
460,Paraguay,PRY,SP.POP.TOTL.MA.ZS,50.8765971985075,50.885196783934,50.8898321161033,50.8901854133722,50.8860853738503,50.8773099781377,50.864314820116604,50.848388651693895,50.8313910762496,50.8145076151099
463,Peru,PER,SP.POP.TOTL.MA.ZS,49.8306845668755,49.7861746398032,49.7369415032304,49.694094842031205,49.6652378532729,49.6528588403635,49.65369080099379,49.6622445060867,49.6709059379101,49.674519285332096
466,Philippines,PHL,SP.POP.TOTL.MA.ZS,50.4392971484194,50.41972165779801,50.38861732107021,50.355057568246,50.325283098054896,50.3004278870239,50.278434312954,50.258342614818496,50.238410149366295,50.217448567880105
469,Poland,POL,SP.POP.TOTL.MA.ZS,48.364547030592,48.3905538784556,48.421639443092005,48.4497964681771,48.4691674907522,48.477557500657205,48.47662024385,48.4692926205484,48.46033037942511,48.4531782969701
472,Portugal,PRT,SP.POP.TOTL.MA.ZS,47.7402097453514,47.625226242667395,47.5178374920331,47.4259240346531,47.355364105326004,47.310135837931995,47.28956827347589,47.288038289454796,47.2969862249611,47.3097246003048
475,Puerto Rico,PRI,SP.POP.TOTL.MA.ZS,48.0123105895678,47.988389880590496,47.9510198024182,47.90010154424271,47.8363820681399,47.75562642985129,47.656966136861,47.5499062705002,47.4522431959594,47.3818179276017
478,Qatar,QAT,SP.POP.TOTL.MA.ZS,76.7109460267936,76.6733695251262,76.46953088254241,76.2242792580683,76.0105592686307,75.8339332853372,75.66743383832579,75.5047126163235,75.334304824985,75.1506390009233
481,Romania,ROU,SP.POP.TOTL.MA.ZS,48.5625114140836,48.5897369156504,48.626965575544006,48.6607308630776,48.68142233280479,48.68530855292,48.6752444773742,48.656256936929,48.63672591958979,48.622864230732205
484,Russian Federation,RUS,SP.POP.TOTL.MA.ZS,46.3599051396461,46.3469136967814,46.337826225194796,46.332264557143205,46.329846305059604,46.3303519012107,46.3334046839839,46.3382376418675,46.34393132731339,46.3497785238661
487,Rwanda,RWA,SP.POP.TOTL.MA.ZS,49.0342438158758,49.0529654582495,49.0713624648038,49.0885431116469,49.1038401923254,49.117010798598606,49.128475514483,49.138938652828706,49.149572129046604,49.160965515612
490,Samoa,WSM,SP.POP.TOTL.MA.ZS,51.6170673551361,51.6285981733469,51.64960778556151,51.674643637498704,51.696036380548804,51.71481443404961,51.7311807041432,51.7437591776799,51.7542479946015,51.7630159770173
493,San Marino,SMR,SP.POP.TOTL.MA.ZS,,,,,,,,,,
496,Sao Tome and Principe,STP,SP.POP.TOTL.MA.ZS,50.026284271167,50.0392793825706,50.038005789375,50.0288667378543,50.0263238383666,50.0273101697167,50.0323537081213,50.0364873573676,50.0404560842231,50.0431189855859
499,Saudi Arabia,SAU,SP.POP.TOTL.MA.ZS,56.3629175192184,56.463533101427295,56.5747810016871,56.711324332754096,56.8797442788684,57.0880532007654,57.3245977341656,57.554152023823995,57.73090522794249,57.8255440569127
502,Senegal,SEN,SP.POP.TOTL.MA.ZS,48.6608140947845,48.63982139965779,48.6252314450523,48.621188113503294,48.6299160747542,48.6517903674882,48.6841342380491,48.7226702317929,48.762005900458,48.7984899602423
505,Serbia,SRB,SP.POP.TOTL.MA.ZS,49.0161551607634,49.020214055388095,49.020898560045396,49.019350247755604,49.016349064531,49.011736326433706,49.0053199326857,48.997477035846,48.9891963592374,48.98099771441521
508,Seychelles,SYC,SP.POP.TOTL.MA.ZS,51.703271587470894,51.7007170006911,51.629067314795996,51.5348037446664,51.459765637338,51.4099737752192,51.3752618805617,51.3450882649803,51.3264648407526,51.290420988407604
511,Sierra Leone,SLE,SP.POP.TOTL.MA.ZS,49.7766498792212,49.7899468252623,49.80308057648811,49.8166991656018,49.831209514788895,49.8465515580488,49.8626079949768,49.87872785222879,49.894364759566706,49.909069654763
514,Singapore,SGP,SP.POP.TOTL.MA.ZS,52.27840429816629,52.341246406302005,52.3492536853663,52.337924304712494,52.3320666156069,52.33488248689999,52.338122249275706,52.3418745938995,52.3440120613134,52.3432044924545
517,Sint Maarten (Dutch part),SXM,SP.POP.TOTL.MA.ZS,,,,,,,,,,
520,Slovak Republic,SVK,SP.POP.TOTL.MA.ZS,48.518099321640605,48.533433895474204,48.5505986014404,48.569867583947705,48.590904357815,48.614048398741595,48.638421058524706,48.6616674769215,48.6807249095292,48.693275366173204
523,Slovenia,SVN,SP.POP.TOTL.MA.ZS,49.621553002567204,49.6591548556584,49.674231261390496,49.681884489777005,49.69348671952821,49.711576242464,49.73244493461021,49.7547929672987,49.7766343027748,49.796241531709605
526,Solomon Islands,SLB,SP.POP.TOTL.MA.ZS,50.79165758731871,50.7941503346725,50.8052278109461,50.820247360235996,50.8307454574696,50.83834056031429,50.8428847695863,50.8453625301751,50.8467187502333,50.847748799641295
529,Somalia,SOM,SP.POP.TOTL.MA.ZS,49.9357845495889,49.9212023888664,49.90774061061211,49.8959032585293,49.885875428093996,49.8778729327238,49.8716547520026,49.866649787033396,49.862351036780304,49.858288619819604
532,South Africa,ZAF,SP.POP.TOTL.MA.ZS,49.3464943563022,49.354689870899705,49.360655836944105,49.361908136713495,49.356916681070004,49.34508646679029,49.327415936266796,49.305849615140495,49.283053407301104,49.260929553493796
535,South Sudan,SSD,SP.POP.TOTL.MA.ZS,49.9936576203412,50.0030355021254,50.0109608567044,50.01806746868421,50.024800159243604,50.0313223515858,50.0376325272616,50.043695637834205,50.0494751726478,50.05493700982039
538,Spain,ESP,SP.POP.TOTL.MA.ZS,49.378819775839204,49.3071816687479,49.224701246867895,49.1510194541113,49.1007044300021,49.079559346779696,49.08312516714479,49.1033586867441,49.127575792445406,49.1464969477027
541,Sri Lanka,LKA,SP.POP.TOTL.MA.ZS,48.5799688369182,48.471101977884,48.3699093255968,48.279006212662104,48.1999733690759,48.1338128688037,48.079333291303904,48.033182343198604,47.9907271400028,47.948587907020205
544,St. Kitts and Nevis,KNA,SP.POP.TOTL.MA.ZS,,,,,,,,,,
547,St. Lucia,LCA,SP.POP.TOTL.MA.ZS,49.230935751802996,49.2403228910752,49.24368327652739,49.2442809312029,49.2438494732905,49.245117426178105,49.2481556188003,49.249546429160496,49.24697065018189,49.2416775128112
550,St. Martin (French part),MAF,SP.POP.TOTL.MA.ZS,,,,,,,,,,
553,St. Vincent and the Grenadines,VCT,SP.POP.TOTL.MA.ZS,50.9412362092046,50.9604832388067,50.9638753866549,50.950692581842205,50.9286663306913,50.8911361414856,50.844972957223206,50.791216767988395,50.7238251968931,50.6710411277457
556,Sudan,SDN,SP.POP.TOTL.MA.ZS,49.8730398547359,49.8796188218081,49.896790226624496,49.9158913357925,49.93098980570829,49.94105893847671,49.9479754172882,49.952585469834005,49.956409509516895,49.960456581385706
559,Suriname,SUR,SP.POP.TOTL.MA.ZS,50.3571715525891,50.345221313005,50.33336683141629,50.322803364673796,50.312446345790704,50.302452012186606,50.292286954799394,50.282905690579796,50.2706570593588,50.256548375989105
562,Sweden,SWE,SP.POP.TOTL.MA.ZS,49.849805185648,49.8875122513614,49.9222604745095,49.9542051458827,49.983425412667295,50.009765145455894,50.033160371715205,50.0542238330143,50.073746628643704,50.09220468410089
565,Switzerland,CHE,SP.POP.TOTL.MA.ZS,49.298443351627704,49.354121363045905,49.405577295792895,49.451566127869995,49.4913867135122,49.5244044838164,49.5510003374017,49.572875337776296,49.5923870502008,49.6110631341557
568,Syrian Arab Republic,SYR,SP.POP.TOTL.MA.ZS,50.4355412679383,50.413185940253705,50.4075600202794,50.39967748954061,50.3737898745547,50.325322962604105,50.2602910713819,50.1857886386016,50.1141408865497,50.055635054158294
571,Tajikistan,TJK,SP.POP.TOTL.MA.ZS,50.4669368926849,50.471438269587296,50.468970500691,50.4622657833169,50.4533524232676,50.4426059680905,50.429975665154295,50.416164561386395,50.4016887416757,50.3870663210047
574,Tanzania,TZA,SP.POP.TOTL.MA.ZS,49.889299094967896,49.895510455192095,49.89961044595879,49.9045817398015,49.9122403168229,49.922883896281206,49.935506261440494,49.9489890904204,49.961883761254796,49.973217191293706
577,Thailand,THA,SP.POP.TOTL.MA.ZS,48.974890229518095,48.9413868326993,48.9077661550447,48.873680447807104,48.8389768107087,48.8034800787394,48.7673966830457,48.7312953850305,48.695961330649396,48.661992414954604
580,Timor-Leste,TLS,SP.POP.TOTL.MA.ZS,50.5508671756109,50.5533088202845,50.5536344781182,50.5527818770315,50.551035113442005,50.5489674720267,50.54526004214729,50.5415327589266,50.53722779015099,50.5325224772876
583,Togo,TGO,SP.POP.TOTL.MA.ZS,49.62667180518189,49.643221308194896,49.658038043510295,49.6723380522575,49.686979476898095,49.70202206352321,49.717125831138496,49.7319527778535,49.7459466969977,49.7588460655291
586,Tonga,TON,SP.POP.TOTL.MA.ZS,50.115877093029994,50.078842859367704,50.04028771323011,50.0064341783554,49.9831315737249,49.9826977645512,49.9960785082645,50.013081522107804,50.0358861976899,50.0525085858634
589,Trinidad and Tobago,TTO,SP.POP.TOTL.MA.ZS,49.5106198266701,49.497253895334204,49.484305330248496,49.47065226885861,49.4564091037792,49.441441153689496,49.42567518749189,49.408673366234,49.3904882474091,49.3713071395243
592,Tunisia,TUN,SP.POP.TOTL.MA.ZS,49.8035537939756,49.73473293474049,49.6650719363342,49.606682337245296,49.5675338827514,49.5501569275568,49.550730060372,49.56284814023579,49.5777539284605,49.5891482405134
595,Turkey,TUR,SP.POP.TOTL.MA.ZS,49.1709163648985,49.17358023355761,49.181102032001,49.195451330352,49.2173066415255,49.24786166154411,49.2849607042103,49.3221867986785,49.3514358757557,49.3675428019615
598,Turkmenistan,TKM,SP.POP.TOTL.MA.ZS,49.1996445355654,49.2092303849006,49.21941734980929,49.2284577350336,49.235052377390296,49.238861247346705,49.2401523047443,49.2392625957502,49.236649571682996,49.232597165367295
601,Turks and Caicos Islands,TCA,SP.POP.TOTL.MA.ZS,,,,,,,,,,
604,Tuvalu,TUV,SP.POP.TOTL.MA.ZS,,,,,,,,,,
607,Uganda,UGA,SP.POP.TOTL.MA.ZS,49.0650173798119,49.064611805420896,49.07470527898129,49.0932968641506,49.118347785442495,49.14961025794911,49.185936905919895,49.223921103571904,49.2599264592191,49.2918585076846
610,Ukraine,UKR,SP.POP.TOTL.MA.ZS,46.156096523772,46.173040958837205,46.20256705965961,46.2348938286952,46.262705124987,46.2838778658214,46.3000723705523,46.312249303092,46.3226539343423,46.3329667134261
613,United Arab Emirates,ARE,SP.POP.TOTL.MA.ZS,74.31444034936379,73.43699646385679,72.3333718928261,71.2518702148492,70.3975732859356,69.84137870253899,69.51975112588471,69.3633120499024,69.2573357872442,69.12105678233439
616,United Kingdom,GBR,SP.POP.TOTL.MA.ZS,49.15883031440389,49.1925275822042,49.22622740377,49.258548760981,49.2885280292943,49.3158988459733,49.341126606296996,49.36472543924211,49.3874655503931,49.409912240526
619,United States,USA,SP.POP.TOTL.MA.ZS,49.400396620429106,49.4165950723734,49.4337037143922,49.449326527142894,49.461778831596405,49.4706871974314,49.476617725645596,49.4799853460876,49.481512792200796,49.481784355639896
622,Uruguay,URY,SP.POP.TOTL.MA.ZS,48.19372702160871,48.199557558135204,48.2080499528535,48.218950553149206,48.231703689288395,48.2457925919479,48.261603977134705,48.2784573057064,48.296329206399896,48.3151381786767
625,Uzbekistan,UZB,SP.POP.TOTL.MA.ZS,49.749049297915704,49.764204144632394,49.7798121982599,49.7959797667775,49.8126549246294,49.829702561431596,49.8466822700311,49.862641084717,49.87647246360601,49.88741439554621
628,Vanuatu,VUT,SP.POP.TOTL.MA.ZS,50.7524994024512,50.7452756457786,50.7440470392032,50.74425513854361,50.74097843085179,50.7336720248917,50.722769606898794,50.7111984282908,50.699275048185605,50.6885886374736
631,"Venezuela, RB",VEN,SP.POP.TOTL.MA.ZS,49.8673682205678,49.8441988708288,49.816393285850296,49.773419561373,49.7084635185223,49.6150328584241,49.4959472806376,49.3667401977151,49.254145828971005,49.180475569247
634,Vietnam,VNM,SP.POP.TOTL.MA.ZS,49.7608892869273,49.786411039781,49.80800934249889,49.82796055339521,49.847777900473794,49.8676367746476,49.886568952813604,49.9035903758107,49.917374810013506,49.927020203283604
637,Virgin Islands (U.S.),VIR,SP.POP.TOTL.MA.ZS,47.7909900372422,47.7445889086843,47.7132872445491,47.6894973693474,47.653168175321596,47.627087924143105,47.5917704902382,47.562863038825995,47.5277063272741,47.500071823257294
640,West Bank and Gaza,PSE,SP.POP.TOTL.MA.ZS,50.7348323498778,50.7369201795938,50.7404717780299,50.7428024081466,50.741969813387,50.7375458512345,50.730478154327,50.7223557252367,50.715438282482395,50.7108418525366
643,"Yemen, Rep.",YEM,SP.POP.TOTL.MA.ZS,50.4080128073464,50.4088680602795,50.4088183167912,50.40751659884211,50.404770102182894,50.4004790893474,50.3948059859289,50.38834250691521,50.381740956580295,50.37551505453239
646,Zambia,ZMB,SP.POP.TOTL.MA.ZS,49.39293808780721,49.41430257056479,49.439070016911494,49.462106406235506,49.4803698131601,49.4930072504886,49.5013293296011,49.506792239659994,49.511209709359505,49.5160345248868
649,Zimbabwe,ZWE,SP.POP.TOTL.MA.ZS,47.6109912866306,47.5826313524917,47.5583612688719,47.5458370716678,47.5493899878115,47.5698162082767,47.603040585746605,47.643247934802396,47.6826730007286,47.7161059863915
